Date,Time,Timezone,Platform,Post
2026-04-07,08:30,America/Denver,LinkedIn,"Small businesses lose time in the same places every week: lead follow-up, reminders, quote requests, intake forms, and status updates. This is what automation should handle. At Nexlify, we build practical AI workflows that remove repetitive tasks so owners can focus on growth. If you are still doing admin manually every day, that is usually your first profit leak. Book a free 15-minute call: https://calendly.com/nexlifylimited #AIAutomation #SmallBusiness #Operations #UtahBusiness"
2026-04-07,10:00,America/Denver,X,"Most small businesses are manually doing work automation should handle. We fix that with practical workflows. Book: https://calendly.com/nexlifylimited #automation #smallbusiness"
2026-04-08,08:30,America/Denver,LinkedIn,"Most websites do not fail all at once. They slowly decay: plugin conflicts, broken forms, slower load times, security warnings, and missed backups. That is why we offer Website Care Plans. A care plan is revenue protection. If you are unsure your site is healthy, start with a free audit: https://nexlifylimited.com/audit #WebDesign #WebsiteMaintenance #SEO"
2026-04-08,10:00,America/Denver,X,"Websites usually fail slowly: speed, forms, security, backups. Care plans protect revenue. Free audit: https://nexlifylimited.com/audit #seo #smallbusiness"
2026-04-09,08:30,America/Denver,LinkedIn,"A pattern we see often. Before: site is live but not converting, inquiries are inconsistent, owner manually follows up with every lead. After optimization + automation: clear CTA paths, better lead capture, faster response loops, and less admin. No hype. Just systems that remove friction. Start free: https://nexlifylimited.com/audit #LeadGeneration #Automation #BusinessGrowth"
2026-04-09,10:00,America/Denver,X,"Live website does not mean working website. Better flow + automation = better outcomes. Start free: https://nexlifylimited.com/audit #leadgen"
2026-04-14,08:30,America/Denver,LinkedIn,"Quick FAQ we get from business owners. Q: How long? A: Audit in 48 hours, quick wins can start immediately. Q: Big budget required? A: No. Q: SEO only? A: No, we also do automation, website care, chatbot setup, and funnels. Q: First step? A: Start with a free audit so we can prioritize what matters: https://nexlifylimited.com/audit #FAQ #SmallBusiness #SEO"
2026-04-14,10:00,America/Denver,X,"FAQ: audits in 48 hours, no huge budget required, and yes we handle automation too. Start free: https://nexlifylimited.com/audit"
2026-04-15,08:30,America/Denver,LinkedIn,"Simple homepage checklist you can run today: 1) Can visitors understand what you do in 5 seconds? 2) Is there one clear CTA above the fold? 3) Is mobile speed acceptable? 4) Is contact flow obvious and working? 5) Do you show trust signals? Missing two or more means you are likely losing leads. Want a professional review? https://nexlifylimited.com/audit #ConversionRate #WebDesign"
2026-04-15,10:00,America/Denver,X,"Homepage check: clear message, clear CTA, mobile speed, working contact flow, trust signals. Missing 2+ = lost leads."
2026-04-16,08:30,America/Denver,LinkedIn,"If you are not sure what to fix first, do not guess. Book a free 15-minute call and we will map what is costing you leads, what to automate first, and what can wait so you do not waste money. No pressure, just practical direction. https://calendly.com/nexlifylimited #GrowthStrategy #Consulting"
2026-04-16,10:00,America/Denver,X,"Stop guessing what to fix first. Free 15-min strategy call: https://calendly.com/nexlifylimited"
2026-04-21,08:30,America/Denver,LinkedIn,"Nexlify Limited LLC is officially approved in Utah. We built this company to help small businesses run smarter with automation, SEO systems, and website support that actually moves revenue. Utah-based. Outcome-focused. Start with a free audit: https://nexlifylimited.com/audit #UtahBusiness #SmallBusiness #Nexlify"
2026-04-21,10:00,America/Denver,X,"Officially approved Utah entity. We help small businesses automate and grow with practical systems. Free audit: https://nexlifylimited.com/audit"
2026-04-22,08:30,America/Denver,LinkedIn,"Our process is simple. 1) Audit your current site and lead flow 2) Identify highest-impact leaks 3) Prioritize quick wins 4) Implement automation and conversion fixes 5) Monitor and improve monthly. No random tactics. Just a system that compounds. Book: https://calendly.com/nexlifylimited #BusinessSystems #Automation"
2026-04-22,10:00,America/Denver,X,"Our process: audit, prioritize, implement, monitor. Simple and repeatable. Book: https://calendly.com/nexlifylimited"
2026-04-23,08:30,America/Denver,LinkedIn,"End-of-month offer: we are opening a limited number of free audits for next month. If your website is underperforming and you want a clear action plan, claim one now. You get technical SEO review, speed and conversion observations, and a prioritized fix list. Request here: https://nexlifylimited.com/audit #SEOAudit #LeadGeneration"
2026-04-23,10:00,America/Denver,X,"Limited free audit spots for next month are open. Claim yours: https://nexlifylimited.com/audit"
2026-04-28,08:30,America/Denver,LinkedIn,"Most small business owners do not need more tools. They need better systems. We design lean automation that reduces manual follow-up, improves response time, and keeps your pipeline moving. If operations feel chaotic, your first wins are usually simple. Start with a free audit: https://nexlifylimited.com/audit #Operations #SmallBusiness"
2026-04-28,10:00,America/Denver,X,"You do not need more tools, you need better systems. Start with a free audit: https://nexlifylimited.com/audit"
2026-04-29,08:30,America/Denver,LinkedIn,"Your website should do three things every day: build trust, capture intent, and move visitors to action. If any of these are weak, revenue leaks follow. We help fix those leaks with clear conversion paths and automation behind the scenes. Book a free call: https://calendly.com/nexlifylimited #CRO #LeadGen"
2026-04-29,10:00,America/Denver,X,"Your website should build trust, capture intent, and drive action. If not, you are leaking revenue. Book: https://calendly.com/nexlifylimited"
2026-04-30,08:30,America/Denver,LinkedIn,"Last call for April free SEO audit slots. If you want clear priorities before May, submit your site and we will send actionable recommendations in 48 hours. No pressure, no fluff, just practical next steps. Request: https://nexlifylimited.com/audit #SEO #SmallBusinessGrowth"
2026-04-30,10:00,America/Denver,X,"Last call for April free audit slots. Get a 48-hour actionable SEO review: https://nexlifylimited.com/audit"